{"stat.pickup.minecraft.dirt":3,"achievement.openInventory":7,"stat.pickup.minecraft.sapling":1,"stat.pickup.minecraft.rotten_flesh":2,"stat.damageDealt":80,"stat.mineBlock.minecraft.log":3,"stat.pickup.minecraft.pumpkin":1,"achievement.exploreAllBiomes":{"value":0,"progress":["Forest","Plains","River","ForestHills"]},"stat.mineBlock.minecraft.double_plant":3,"stat.pickup.minecraft.wheat":13,"stat.talkedToVillager":7,"stat.fallOneCm":5807,"stat.flyOneCm":29817,"stat.pickup.minecraft.iron_ingot":1,"achievement.buildWorkBench":1,"stat.pickup.minecraft.carrot":20,"stat.entityKilledBy.Spider":1,"stat.useItem.minecraft.wheat_seeds":10,"stat.pickup.minecraft.beetroot_seeds":16,"stat.mineBlock.minecraft.pumpkin":1,"stat.damageTaken":535,"stat.timeSinceDeath":16377,"stat.useItem.minecraft.beetroot_seeds":4,"stat.leaveGame":3,"stat.useItem.minecraft.egg":1,"stat.diveOneCm":150,"stat.mineBlock.minecraft.leaves":9,"achievement.mineWood":3,"stat.pickup.minecraft.log":3,"stat.useItem.minecraft.beetroot":2,"stat.playOneMinute":25645,"stat.pickup.minecraft.apple":1,"stat.deaths":1,"stat.pickup.minecraft.wheat_seeds":24,"stat.swimOneCm":7724,"stat.craftItem.minecraft.crafting_table":1,"stat.pickup.minecraft.egg":7,"stat.walkOneCm":120320,"stat.craftItem.minecraft.planks":12,"stat.mineBlock.minecraft.dirt":3,"stat.chestOpened":2,"stat.pickup.minecraft.double_plant":3,"stat.mineBlock.minecraft.glass_pane":1,"stat.jump":278,"stat.pickup.minecraft.beetroot":6,"stat.useItem.minecraft.apple":1,"stat.mineBlock.minecraft.tallgrass":13,"stat.useItem.minecraft.carrot":5,"stat.sprintOneCm":58179}